Dhirubhai Ambani Institute of Information and Communication Technology,,,,,,,,,,,,,,,,,,,,,,,,,,,,,,,,,,,,
Lecture Time-Table (Autumn '2024),,,,,,,,,,,,,,,,,,,,,,,,,,,,,,,,,,,,
,,,,,,,,,,,,,,,,,,,,,,,,,,,,,,,,,,,,
Time,Batch,,Monday,,,,,,,Tuesday,,,,,,,Wednesday,,,,,,,Thursday,,,,,,,Friday,,,,,
,,,,,,,,,,,,,,,,,,,,,,,,,,,,,,,,,,,,
8:00 - 8:50,,,Slot-5,,,,,,,Slot-8,,,,,,,Slot-6,,,,,,,Slot-7,,,,,,,Slot-3,,,,,
,BTech Sem-I (ICT + CS),,IT112,Introduction to Programming (Sec A),3-0-0-3,Core,SS,LT-2,,,,,,,,,EL111,Basic Electronic Circuits (Sec A),3-0-2-4,Core,RLD,LT-2,,,,,,,,,PC110,Language and Literature (Sec A),3-0-0-3,Core,AM,LT-3
,,,IT112,Introduction to Programming (Sec B),3-0-0-3,Core,RC,LT-3,,PC110,Language and Literature (Sec B),3-0-0-3,Core,AM,LT-3,,EL111,Basic Electronic Circuits (Sec B),3-0-2-4,Core,PK,LT-3,,,,,,,,,SC107,Calculus (Sec B),3-1-0-4,Core,AM2,LT-2
,BTech Sem-I (MnC),,,,,,,,,PC110,Language and Literature (Sec B),3-0-0-3,Core,AM,LT-3,,MC112,Computer Organization and Programming,3-0-0-3,Core,NJ,CEP-104,,MC111,"Mathematical, Algorithmic, and Computational Thinking",3-1-0-4,Core,VS,CEP-104,,MC123,Discrete Mathematics,3-1-0-4,Core,SB2,CEP-104
,BTech Sem-I (EVD),,IT112,Introduction to Programming (Sec B),3-0-0-3,Core,RC,LT-3,,PC110,Language and Literature (Sec B),3-0-0-3,Core,AM,LT-3,,EL111,Basic Electronic Circuits (Sec B),3-0-2-4,Core,PK,LT-3,,ED111,Engineering Mathematics I,3-1-0-4,Core,PK2,CEP-105,,,,,,,
,BTech Sem-III (ICT + CS),,SC223,Linear Algebra (Sec A),3-1-0-4,Core,MKG,CEP-110,,,,,,,,,,,,,,,,,,,,,,,IT216,Design and Analysis of Algorithms (Sec A),3-1-0-4,Core,PB,CEP-110
,,,SC223,Linear Algebra (Sec B),3-1-0-4,Core,MKR,CEP-102,,,,,,,,,,,,,,,,,,,,,,,IT216,Design and Analysis of Algorithms (Sec B),3-1-0-4,Core,RM,CEP-102
,BTech Sem-III (MnC),,MC213,Design and Analysis of Algorithms,3-1-0-4,Core,SP,CEP-105,,,,,,,,,MC212,Database Management Systems,3-0-2-4,Core,AKM,CEP-105,,,,,,,,,MC214,Operating Systems (along with IE411),3-0-2-4,Core,AMM,CEP-106
,BTech Sem-III (EVD),,,,,,,,,ED214,Electronic Design Lab,1-1-4-4,Core,BM,CEP-104 ,,,,,,,,,,,,,,,,ED212,Solid State Devices,3-0-2-4,Core,PK,CEP-105
,BTech Sem-V (ICT + CS),,EL453,Nanoelectronics,3-0-0-3,Technical Elective,RP,CEP-106,,CT425,RF and Antenna Engineering,3-0-0-3,Technical Elective,DKG,CEP-108,,IT314,Software Engineering (Sec A),3-0-2-4,Core,ST,CEP-110,,IT304,Computer Networks (Sec A),3-0-2-4,Core,SS,CEP-110,,IE402,Optimization,3-0-2-4,ICT & Technical Elective,NKS,CEP-108
,,,EL467,Digital Programming,3-0-2-4,Technical Elective,YA,CEP-108,,IE417,Introduction to Embedded Artifical Intelligence,3-0-2-4,ICT & Technical Elective (RAS minor),TKM,CEP-106,,CT303,Digital Communication (Sec B),3-0-2-4,Core,MK2,CEP-102,,IT304,Computer Networks (Sec B),3-0-2-4,Core,PKS,CEP-102,,IE407,Internet of Things,3-0-2-4,ICT & Technical Elective & RAS elective,VSP,CEP-204
,,,EL401,Physics of Semiconductor,3-0-0-3,Technical Elective,HSJ,CEP-103,,,,,,,,,,,,,,,,,,,,,,,IE406,Machine Learning,3-0-2-4,ICT & Technical Elective & RAS elective,PA,LT-1
,,,EL312,Solid State Devices,3-0-0-3,Technical Elective,AKR,CEP-204,,,,,,,,,,,,,,,,,,,,,,,IE403,Human Computer Interaction,3-0-2-4,ICT & Technical Elective & RAS elective,MK,CEP-103
,,,,,,,,,,,,,,,,,,,,,,,,,,,,,,,IE494,Big Data Processing,3-0-2-4,ICT & Technical Elective ,PMJ,CEP-209
,,,,,,,,,,,,,,,,,,,,,,,,,,,,,,,,,,,,
,BTech Sem-V (CS-Only),,,,,,,,,CS374,Computational and Numerical Methods,3-0-3-4.5,Core,PK2,CEP-205,,,,,,,,,,,,,,,,,,,,,
,BTech Sem-V (MnC),,MC311,Mathematical Optimization,3-1-0-4,Core,NKS,CEP-202,,MC313,Algebraic Structures,3-1-0-4,Core,GD,CEP-202,,MC312,Modelling and Simulation,3-0-2-4,Core,MT,CEP-202,,MC314,Principles of Economics,3-0-0-3,Core,CJ,CEP-202,,IE403,Human Computer Interaction,3-0-2-4,MnC Elective,MK,CEP-103
,,,,,,,,,,,,,,,,,,,,,,,,,,,,,,,IE494,Big Data Processing,3-0-2-4,ICT & Technical Elective ,PMJ,CEP-209
,,,,,,,,,,,,,,,,,,,,,,,,,,,,,,,,,,,,
,,,,,,,,,,,,,,,,,,,,,,,,,,,,,,,,,,,,
,,,,,,,,,,,,,,,,,,,,,,,,,,,,,,,,,,,,
,BTech Sem-VII (ICT + CS),,EL453,Nanoelectronics,3-0-0-3,Technical Elective,RP,CEP-106,,CT425,RF and Antenna Engineering,3-0-0-3,Technical Elective,DKG,CEP-108,,HM484,Modern European Philosophy,3-0-0-3,HASSE,BK,CEP-106,,SC435,Introduction to Complex Network,3-0-0-3,Science Elective,MT,CEP-108,,IE402,Optimization,3-0-2-4,ICT & Technical Elective,NKS,CEP-108
,,,EL467,Digital Programming,3-0-2-4,Technical Elective,YA,CEP-108,,CT509,Next Generation Wireless Communication,3-0-2-4,Technical Elective,YV,CEP-103,,HM333,Human Behaviour Management,3-0-0-3,HASSE,NB,CEP-108,,SC478,Application of Statistics to Complex Systems,3-0-0-3,Science Elective,PR,CEP-103,,IE411,Operating Systems,3-0-2-4,ICT & Technical Elective,AMM,CEP-106
,,,EL519,Low Power VLSI Design,2-0-2-3,Technical Elective,BM,CEP-205,,IT531,Advanced Computer Networks,3-0-2-4,Technical Elective,PKS,CEP-209,,HM403,Corporate Finance,3-0-0-3,HASSE,CJ,CEP-209,,,,,,,,,IE407,Internet of Things,3-0-2-4,ICT & Technical Elective & RAS elective,VSP,CEP-204
,,,EL401,Physics of Semiconductor,3-0-0-3,Technical Elective,HSJ,CEP-103,,IE417,Introduction to Embedded Artifical Intelligence,3-0-2-4,ICT & Technical Elective (RAS minor),TKM,CEP-106,,HM479,Satyajit Ray: Filmaker and Artist,3-0-0-3,HASSE,ANS,CEP-104,,,,,,,,,IE406,Machine Learning,3-0-2-4,ICT & Technical Elective & RAS elective,PA,LT-1
,,,EL312,Solid State Devices,3-0-0-3,Technical Elective,AKR,CEP-204,,IT594,Deep Neural NLP & Applications,3-0-2-4,Technical Elective,SDG,CEP-204,,HM404,Indian Society and Governance,2-1-0-3,HASSE,VM,CEP-103,,,,,,,,,IE494,Big Data Processing,3-0-2-4,ICT & Technical Elective & RAS elective,PMJ,CEP-209
,,,,,,,,,,,,,,,,,HM408,AI Ethics and Data Governance,3-0-0-3,HASSE,AD,CEP-204,,,,,,,,,IE403,Human Computer Interaction,3-0-2-4,ICT & Technical Elective & RAS elective,MK,CEP-103
,,,,,,,,,,,,,,,,,HM406,Migration and Transnational Identities,3-0-0-3,HASSE,RB,CEP-203,,,,,,,,,,,,,,
,,,,,,,,,,,,,,,,,EL526,VLSI System Design,3-0-2-4,Technical Elective,YA,CEP-109,,,,,,,,,,,,,,
,,,,,,,,,,,,,,,,,CT549,Introduction to Wireless Communication,3-0-2-4,Technical Elective,AJ,CEP-107,,,,,,,,,,,,,,
,,,,,,,,,,,,,,,,,,,,,,,,,,,,,,,,,,,,
,BTech Sem-VII (MnC),,,,,,,,,IT594,Deep Neural NLP & Applications,3-0-2-4,MnC Elective,SDG,CEP-204,,HM484,Modern European Philosophy,3-0-0-3,Open Elective,BK,CEP-106,,SC435,Introduction to Complex Network,3-0-0-3,MnC Elective,MT,CEP-108,,IE494,Big Data Processing,3-0-2-4,MnC Elective,PMJ,CEP-209
,,,,,,,,,,,,,,,,,HM333,Human Behaviour Management,3-0-0-3,Open Elective,NB,CEP-108,,SC478,Application of Statistics to Complex Systems,3-0-0-3,MnC Elective,PR,CEP-103,,IE403,Human Computer Interaction,3-0-2-4,MnC Elective,MK,CEP-103
,,,,,,,,,,,,,,,,,HM403,Corporate Finance,3-0-0-3,Open Elective,CJ,CEP-209,,,,,,,,,,,,,,
,,,,,,,,,,,,,,,,,HM479,Satyajit Ray: Filmaker and Artist,3-0-0-3,Open Elective,ANS,CEP-104,,,,,,,,,,,,,,
,,,,,,,,,,,,,,,,,HM404,Indian Society and Governance,2-1-0-3,Open Elective,VM,CEP-103,,,,,,,,,,,,,,
,,,,,,,,,,,,,,,,,HM406,Migration and Transnational Identities,3-0-0-3,Open Elective,RB,CEP-203,,,,,,,,,,,,,,
,,,,,,,,,,,,,,,,,,,,,,,,,,,,,,,,,,,,
,MTech Sem-I (ICT-SS),,EL467,Digital Programming,3-0-2-4,General Elective (Technical),YA,CEP-108,,,,,,,,,,,,,,,,IT582,Foundations of Machine Learning ,3-0-2-4,General Elective (Technical),MVJ,CEP-106,,IE403,Human Computer Interaction,3-0-2-4,General Elective (Technical),MK,CEP-103
,,,,,,,,,,,,,,,,,,,,,,,,,,,,,,,IE407,Internet of Things,3-0-2-4,General Elective (Technical),VSP,CEP-204
,,,,,,,,,,,,,,,,,,,,,,,,,,,,,,,IE402,Optimization,3-0-2-4,General Elective (Maths),NKS,CEP-108
,,,,,,,,,,,,,,,,,,,,,,,,,,,,,,,,,,,,
,MTech Sem-I (ICT-ML),,EL467,Digital Programming,3-0-2-4,General Elective (Technical),YA,CEP-108,,,,,,,,,,,,,,,,IT582,Foundations of Machine Learning ,3-0-2-4,General Elective (Technical),MVJ,CEP-106,,IE403,Human Computer Interaction,3-0-2-4,General Elective (Technical),MK,CEP-103
,,,,,,,,,,,,,,,,,,,,,,,,,,,,,,,IE407,Internet of Things,3-0-2-4,General Elective (Technical),VSP,CEP-204
,,,,,,,,,,,,,,,,,,,,,,,,,,,,,,,IE402,Optimization,3-0-2-4,General Elective (Maths),NKS,CEP-108
,,,,,,,,,,,,,,,,,,,,,,,,,,,,,,,,,,,,
,MTech Sem-I (ICT-VLSI&ES),,EL467,Digital Programming,3-0-2-4,General Elective (Technical),YA,CEP-108,,,,,,,,,EL526,VLSI System Design,3-0-2-4,VES Sp. Core,YA,CEP-109,,IT582,Foundations of Machine Learning ,3-0-2-4,General Elective (Technical),MVJ,CEP-106,,IE403,Human Computer Interaction,3-0-2-4,General Elective (Technical),MK,CEP-103
,,,,,,,,,,,,,,,,,,,,,,,,,,,,,,,IE407,Internet of Things,3-0-2-4,General Elective (Technical),VSP,CEP-204
,,,,,,,,,,,,,,,,,,,,,,,,,,,,,,,IE402,Optimization,3-0-2-4,General Elective (Maths),NKS,CEP-108
,,,,,,,,,,,,,,,,,,,,,,,,,,,,,,,,,,,,
,MTech Sem-I (ICT-WCSP),,EL467,Digital Programming,3-0-2-4,General Elective (Technical),YA,CEP-108,,,,,,,,,CT549,Introduction to Wireless Communication,3-0-2-4,WCSP Sp. Core,AJ,CEP-107,,IT582,Foundations of Machine Learning ,3-0-2-4,General Elective (Technical),MVJ,CEP-106,,IE403,Human Computer Interaction,3-0-2-4,General Elective (Technical),MK,CEP-103
,,,,,,,,,,,,,,,,,,,,,,,,,,,,,,,IE407,Internet of Things,3-0-2-4,General Elective (Technical),VSP,CEP-204
,,,,,,,,,,,,,,,,,,,,,,,,,,,,,,,IE402,Optimization,3-0-2-4,General Elective (Maths),NKS,CEP-108
,,,,,,,,,,,,,,,,,,,,,,,,,,,,,,,,,,,,
,MTech Sem-III (ICT-SS),,,,,,,,,IT531,Advanced Computer Networks,3-0-2-4,SS Elective III/IV,PKS,CEP-209,,,,,,,,,,,,,,,,,,,,,
,,,,,,,,,,,,,,,,,,,,,,,,,,,,,,,,,,,,
,,,,,,,,,,,,,,,,,,,,,,,,,,,,,,,,,,,,
,MTech Sem-III (ICT-ML),,,,,,,,,IT594,Deep Neural NLP & Applications,3-0-2-4,ML Elective III/IV,SDG,CEP-204,,,,,,,,,,,,,,,,,,,,,
,,,,,,,,,,,,,,,,,,,,,,,,,,,,,,,,,,,,
,,,,,,,,,,,,,,,,,,,,,,,,,,,,,,,,,,,,
,MTech Sem-III (ICT-VLSI&ES),,EL453,Nanoelectronics,3-0-0-3,VES Elective III/IV,RP,CEP-106,,,,,,,,,,,,,,,,,,,,,,,,,,,,
,,,EL519,Lowpower VLSI Design,2-0-2-3,VES Elective III/IV,BM,CEP-205,,EL530,Introduction to Embedded Artifical Intelligence,3-0-2-4,VES Elective III/IV,TKM,CEP-106,,,,,,,,,,,,,,,,,,,,,
,,,,,,,,,,,,,,,,,,,,,,,,,,,,,,,,,,,,
,MTech Sem-III (EC),,,,,,,,,CT425,RF and Antenna Engineering,3-0-0-3,WC&SP  Elective III/IV,DKG,CEP-108,,,,,,,,,,,,,,,,,,,,,
,,,,,,,,,,CT509,Next Generation Wireless Communication,3-0-2-4,WC&SP Elective III/IV,YV,CEP-103,,,,,,,,,,,,,,,,,,,,,
,,,,,,,,,,,,,,,,,,,,,,,,,,,,,,,,,,,,
,MSc Sem-I (IT),,IT603,Introduction to Programming,3-0-2-4,Core,TBD,CEP-207,,,,,,,,,,,,,,,,,,,,,,,IT615,Database Management Systems,3-0-2-4,Core,MB,CEP-207
,MSc Sem-I (DS),,DS605,Fundamentals of Machine Learning,3-0-2-4,Core,AR2,LAB A-SF,,,,,,,,,,,,,,,,,,,,,,,DS603,Data Structures and Algorithms (with Python),3-0-2-4,Core,BG,CEP-202
,MSc Sem-III (IT),,IT645,Web and Mobile Development,3-0-2-4,Core,SB,CEP-209,,IT531,Advanced Computer Networks,3-0-2-4,Technical Elective,PKS,CEP-209,,HM403,Corporate Finance,3-0-0-3,Open Elective,CJ,CEP-209,,T643,Software Design and Testing,3-0-2-4,Core,ST,CEP-209,,,,,,,
,,,,,,,,,,,,,,,,,HM333,Human Behaviour Management,3-0-0-3,Open Elective,NB,CEP-108,,,,,,,,,,,,,,
,,,,,,,,,,,,,,,,,HM404,Indian Society and Governance,2-1-0-3,Open Elective,VM,CEP-204,,,,,,,,,,,,,,
,,,,,,,,,,,,,,,,,,,,,,,,,,,,,,,,,,,,
,MSc Sem-III (DS),,,,,,,,,IT594,Deep Neural NLP & Applications,3-0-2-4,Technical Elective,SDG,CEP-204,,HM403,Corporate Finance,3-0-0-3,Open Elective,CJ,CEP-209,,IT641,Deep Learning,3-0-2-4,,BG,LAB A-SF,,IT642,Interactive Data Visualization,3-0-2-4,Core,BC,LAB A-SF
,,,,,,,,,,,,,,,,,HM333,Human Behaviour Management,3-0-0-3,Open Elective,NB,CEP-108,,,,,,,,,,,,,,
,,,,,,,,,,,,,,,,,HM408,AI Ethics and Data Governance,3-0-0-3,Open Elective,AD,CEP-204,,,,,,,,,,,,,,
,,,,,,,,,,,,,,,,,HM404,Indian Society and Governance,2-1-0-3,Open Elective,VM,CEP-103,,,,,,,,,,,,,,
,MSc Sem-I (AA),,MA615,Fundamentals of Agricultural Science,2-0-0-2,Core,TBD,CEP-109,,,,,,,,,,,,,,,,,,,,,,,MA613,Earth Observations System,3-0-2-4,Core,TBD,CEP-109
,,,,,,,,,,,,,,,,,,,,,,,,,,,,,,,,,,,,
,,,,,,,,,,,,,,,,,,,,,,,,,,,,,,,,,,,,
9:00 - 9:50,,,Slot-4,,,,,,,Slot-6,,,,,,,Slot-8,,,,,,,Slot-3,,,,,,,Slot-8,,,,,
,BTech Sem-I (ICT + CS),,SC107,Calculus (Sec A),3-1-0-4,Core,SB2,LT-3,,EL111,Basic Electronic Circuits (Sec A),3-0-2-4,Core,RLD,LT-2,,,,,,,,,PC110,Language and Literature (Sec A),3-0-0-3,Core,AM,LT-3,,,,,,,
,,,,,,,,,,EL111,Basic Electronic Circuits (Sec B),3-0-2-4,Core,PK,LT-3,,PC110,Language and Literature (Sec B),3-0-0-3,Core,AM,LT-3,,SC107,Calculus (Sec B),3-1-0-4,Core,AM2,LT-2,,PC110,Language and Literature (Sec B),3-0-0-3,Core,AM,LT-3
,BTech Sem-I (MnC),,MC116,Digital Logic Design,1-0-2-2,Core,SR,CEP-104,,MC112,Computer Organization and Programming,3-0-0-3,Core,NJ,CEP-104,,PC110,Language and Literature (Sec B),3-0-0-3,Core,AM,LT-3,,MC123,Discrete Mathematics,3-1-0-4,Core,SB2,CEP-104,,PC110,Language and Literature (Sec B),3-0-0-3,Core,AM,LT-3
,BTech Sem-I (EVD),,ED112,Engineering Physics,3-0-2-4,Core,AR,CEP-103,,EL111,Basic Electronic Circuits (Sec B),3-0-2-4,Core,PK,LT-3,,PC110,Language and Literature (Sec B),3-0-0-3,Core,AM,LT-3,,,,,,,,,PC110,Language and Literature (Sec B),3-0-0-3,Core,AM,LT-3
,BTech Sem-III (ICT + CS),,HM216,"Science, Technology, and Society (Sec A)",3-0-0-3,Core,SJ,CEP-102,,,,,,,,,,,,,,,,IT216,Design and Analysis of Algorithms (Sec A),3-1-0-4,Core,PB,CEP-110,,,,,,,
,,,IT227,Computer Systems Programming (Sec B),3-0-2-4,Core,AKM,CEP-110,,,,,,,,,,,,,,,,IT216,Design and Analysis of Algorithms (Sec B),3-1-0-4,Core,RM,CEP-102,,,,,,,
,BTech Sem-III (MnC),,MC216,Probability and Random Processes,3-1-0-4,Core,SK,CEP-105,,MC212,Database Management Systems,3-0-2-4,Core,AKM,CEP-105,,,,,,,,,MC214,Operating Systems (along with IE411),3-0-2-4,Core,AMM,CEP-106,,,,,,,
,BTech Sem-III (EVD),,ED213,Signal Processing and Control Systems,3-0-2-4,Core,HP,CEP-107,,,,,,,,,ED214,Electronic Design Lab,1-1-4-4,Core,BM,CEP-104 ,,ED212,Solid State Devices,3-0-2-4,Core,PK,CEP-105,,ED214,Electronic Design Lab,1-1-4-4,Core,BM,CEP-104 
,BTech Sem-V (ICT + CS),,CT303,Digital Communication (Sec A),3-0-2-4,Core,AJ,LT-1,,IT314,Software Engineering (Sec A),3-0-2-4,Core,ST,CEP-110,,CT425,RF and Antenna Engineering,3-0-0-3,Technical Elective,DKG,CEP-108,,IE402,Optimization,3-0-2-4,ICT & Technical Elective,NKS,CEP-108,,CT425,RF and Antenna Engineering,3-0-0-3,Technical Elective,DKG,CEP-108
,,,IT314,Software Engineering (Sec B),3-0-2-4,Core,ST,LT-2,,CT303,Digital Communication (Sec B),3-0-2-4,Core,MK2,CEP-102,,IE417,Introduction to Embedded Artifical Intelligence,3-0-2-4,ICT & Technical Elective (RAS minor),TKM,CEP-106,,IE407,Internet of Things,3-0-2-4,ICT & Technical Elective & RAS elective,VSP,CEP-204,,IE417,Introduction to Embedded Artifical Intelligence,3-0-2-4,ICT & Technical Elective (RAS minor),TKM,CEP-106
,,,,,,,,,,,,,,,,,,,,,,,,IE406,Machine Learning,3-0-2-4,ICT & Technical Elective & RAS elective,PA,LT-1,,,,,,,
,,,,,,,,,,,,,,,,,,,,,,,,IE403,Human Computer Interaction,3-0-2-4,ICT & Technical Elective & RAS elective,MK,CEP-103,,,,,,,
,,,,,,,,,,,,,,,,,,,,,,,,IE494,Big Data Processing,3-0-2-4,ICT & Technical Elective ,PMJ,CEP-209,,,,,,,
,,,,,,,,,,,,,,,,,,,,,,,,,,,,,,,,,,,,
,BTech Sem-V (CS-Only),,,,,,,,,,,,,,,,CS374,Computational and Numerical Methods,3-0-3-4.5,Core,PK2,CEP-205,,,,,,,,,CS374,Computational and Numerical Methods,3-0-3-4.5,Core,PK2,CEP-205
,BTech Sem-V (MnC),,SC404,Advanced Matrix Theory,3-0-0-3,MnC Elective,AM2,CEP-106,,MC312,Modelling and Simulation,3-0-2-4,Core,MT,CEP-202,,MC313,Algebraic Structures,3-1-0-4,Core,GD,CEP-202,,IE403,Human Computer Interaction,3-0-2-4,MnC Elective,MK,CEP-103,,MC313,Algebraic Structures,3-1-0-4,Core,GD,CEP-202
,,,SC471,Algorithmic Graph Theory,3-0-2-4,MnC Elective,VS,CEP-202,,,,,,,,,,,,,,,,IE494,Big Data Processing,3-0-2-4,ICT & Technical Elective ,PMJ,CEP-209,,,,,,,
,,,,,,,,,,,,,,,,,,,,,,,,,,,,,,,,,,,,
,,,,,,,,,,,,,,,,,,,,,,,,,,,,,,,,,,,,
,,,,,,,,,,,,,,,,,,,,,,,,,,,,,,,,,,,,
,BTech Sem-VII (ICT + CS),,SC404,Advanced Matrix Theory,3-0-0-3,Science Elective,AM2,CEP-106,,HM484,Modern European Philosophy,3-0-0-3,HASSE,BK,CEP-106,,CT425,RF and Antenna Engineering,3-0-0-3,Technical Elective,DKG,CEP-108,,IE402,Optimization,3-0-2-4,ICT & Technical Elective,NKS,CEP-108,,CT425,RF and Antenna Engineering,3-0-0-3,Technical Elective,DKG,CEP-108
,,,SC471,Algorithmic Graph Theory,3-0-2-4,Science Elective,VS,CEP-202,,HM333,Human Behaviour Management,3-0-0-3,HASSE,NB,CEP-108,,CT509,Next Generation Wireless Communication,3-0-2-4,Technical Elective,YV,CEP-103,,IE411,Operating Systems,3-0-2-4,ICT & Technical Elective,AMM,CEP-106,,CT509,Next Generation Wireless Communication,3-0-2-4,Technical Elective,YV,CEP-103
,,,HM405,Idea of India,3-0-0-3,Open Elective,VF,CEP-108,,HM403,Corporate Finance,3-0-0-3,HASSE,CJ,CEP-209,,IT531,Advanced Computer Networks,3-0-2-4,Technical Elective,PKS,CEP-209,,IE407,Internet of Things,3-0-2-4,ICT & Technical Elective & RAS elective,VSP,CEP-204,,IT531,Advanced Computer Networks,3-0-2-4,Technical Elective,PKS,CEP-209
,,,HM407,What Stories Are,3-0-0-3,Open Elective,VF,CEP-204,,HM479,Satyajit Ray: Filmaker and Artist,3-0-0-3,HASSE,ANS,CEP-104,,IE417,Introduction to Embedded Artifical Intelligence,3-0-2-4,ICT & Technical Elective (RAS minor),TKM,CEP-106,,IE406,Machine Learning,3-0-2-4,ICT & Technical Elective & RAS elective,PA,LT-1,,IE417,Introduction to Embedded Artifical Intelligence,3-0-2-4,ICT & Technical Elective (RAS minor),TKM,CEP-106
,,,,,,,,,,HM404,Indian Society and Governance,2-1-0-3,HASSE,VM,CEP-103,,IT594,Deep Neural NLP & Applications,3-0-2-4,Technical Elective,SDG,CEP-204,,IE494,Big Data Processing,3-0-2-4,ICT & Technical Elective & RAS elective,PMJ,CEP-209,,IT594,Deep Neural NLP & Applications,3-0-2-4,Technical Elective,SDG,CEP-204
,,,,,,,,,,HM408,AI Ethics and Data Governance,3-0-0-3,HASSE,AD,CEP-204,,,,,,,,,IE403,Human Computer Interaction,3-0-2-4,ICT & Technical Elective & RAS elective,MK,CEP-103,,,,,,,
,,,,,,,,,,HM406,Migration and Transnational Identities,3-0-0-3,HASSE,RB,CEP-203,,,,,,,,,,,,,,,,,,,,,
,,,,,,,,,,EL526,VLSI System Design,3-0-2-4,Technical Elective,YA,CEP-109,,,,,,,,,,,,,,,,,,,,,
,,,,,,,,,,CT549,Introduction to Wireless Communication,3-0-2-4,Technical Elective,AJ,CEP-107,,,,,,,,,,,,,,,,,,,,,
,,,,,,,,,,,,,,,,,,,,,,,,,,,,,,,,,,,,
,BTech Sem-VII (MnC),,SC404,Advanced Matrix Theory,3-0-0-3,MnC Elective,AM2,CEP-106,,HM484,Modern European Philosophy,3-0-0-3,Open Elective,BK,CEP-106,,IT594,Deep Neural NLP & Applications,3-0-2-4,MnC Elective,SDG,CEP-204,,IE494,Big Data Processing,3-0-2-4,MnC Elective,PMJ,CEP-209,,IT594,Deep Neural NLP & Applications,3-0-2-4,MnC Elective,SDG,CEP-204
,,,SC471,Algorithmic Graph Theory,3-0-2-4,MnC Elective,VS,CEP-202,,HM333,Human Behaviour Management,3-0-0-3,Open Elective,NB,CEP-108,,,,,,,,,IE403,Human Computer Interaction,3-0-2-4,MnC Elective,MK,CEP-103,,,,,,,
,,,HM405,Idea of India,3-0-0-3,Open Elective,VF,CEP-108,,HM403,Corporate Finance,3-0-0-3,Open Elective,CJ,CEP-209,,,,,,,,,,,,,,,,,,,,,
,,,HM407,What Stories Are,3-0-0-3,Open Elective,VF,CEP-204,,HM479,Satyajit Ray: Filmaker and Artist,3-0-0-3,Open Elective,ANS,CEP-104,,,,,,,,,,,,,,,,,,,,,
,,,,,,,,,,HM404,Indian Society and Governance,2-1-0-3,Open Elective,VM,CEP-103,,,,,,,,,,,,,,,,,,,,,
,,,,,,,,,,HM406,Migration and Transnational Identities,3-0-0-3,Open Elective,RB,CEP-203,,,,,,,,,,,,,,,,,,,,,
,,,,,,,,,,,,,,,,,,,,,,,,,,,,,,,,,,,,
,MTech Sem-I (ICT-SS),,SC404,Advanced Matrix Theory,3-0-0-3,General Elective (Maths),AM2,CEP-106,,,,,,,,,PC503,Programming Lab,1-0-4-3,Program Core,SB,CEP-202,,IE403,Human Computer Interaction,3-0-2-4,General Elective (Technical),MK,CEP-103,,,,,,,
,,,SC471,Algorithmic Graph Theory,3-0-2-4,General Elective (Maths),VS,CEP-202,,,,,,,,,,,,,,,,IE407,Internet of Things,3-0-2-4,General Elective (Technical),VSP,CEP-204,,,,,,,
,,,MC216,Probability and Random Processes,3-1-0-4,General Elective (Maths),SK,CEP-105,,,,,,,,,,,,,,,,IE402,Optimization,3-0-2-4,General Elective (Maths),NKS,CEP-108,,,,,,,
,,,,,,,,,,,,,,,,,,,,,,,,,,,,,,,,,,,,
,MTech Sem-I (ICT-ML),,SC404,Advanced Matrix Theory,3-0-0-3,General Elective (Maths),AM2,CEP-106,,,,,,,,,PC503,Programming Lab,1-0-4-3,Program Core,SB,CEP-202,,IE403,Human Computer Interaction,3-0-2-4,General Elective (Technical),MK,CEP-103,,,,,,,
,,,SC471,Algorithmic Graph Theory,3-0-2-4,General Elective (Maths),VS,CEP-202,,,,,,,,,,,,,,,,IE407,Internet of Things,3-0-2-4,General Elective (Technical),VSP,CEP-204,,,,,,,
,,,MC216,Probability and Random Processes,3-1-0-4,General Elective (Maths),SK,CEP-105,,,,,,,,,,,,,,,,IE402,Optimization,3-0-2-4,General Elective (Maths),NKS,CEP-108,,,,,,,
,,,,,,,,,,,,,,,,,,,,,,,,,,,,,,,,,,,,
,MTech Sem-I (ICT-VLSI&ES),,SC404,Advanced Matrix Theory,3-0-0-3,General Elective (Maths),AM2,CEP-106,,EL526,VLSI System Design,3-0-2-4,VES Sp. Core,YA,CEP-109,,PC503,Programming Lab,1-0-4-3,Program Core,SB,CEP-202,,IE403,Human Computer Interaction,3-0-2-4,General Elective (Technical),MK,CEP-103,,,,,,,
,,,SC471,Algorithmic Graph Theory,3-0-2-4,General Elective (Maths),VS,CEP-202,,,,,,,,,,,,,,,,IE407,Internet of Things,3-0-2-4,General Elective (Technical),VSP,CEP-204,,,,,,,
,,,MC216,Probability and Random Processes,3-1-0-4,General Elective (Maths),SK,CEP-105,,,,,,,,,,,,,,,,IE402,Optimization,3-0-2-4,General Elective (Maths),NKS,CEP-108,,,,,,,
,,,,,,,,,,,,,,,,,,,,,,,,,,,,,,,,,,,,
,MTech Sem-I (ICT-WCSP),,SC404,Advanced Matrix Theory,3-0-0-3,General Elective (Maths),AM2,CEP-106,,CT549,Introduction to Wireless Communication,3-0-2-4,WCSP Sp. Core,AJ,CEP-107,,PC503,Programming Lab,1-0-4-3,Program Core,SB,CEP-202,,IE403,Human Computer Interaction,3-0-2-4,General Elective (Technical),MK,CEP-103,,,,,,,
,,,SC471,Algorithmic Graph Theory,3-0-2-4,General Elective (Maths),VS,CEP-202,,,,,,,,,,,,,,,,IE407,Internet of Things,3-0-2-4,General Elective (Technical),VSP,CEP-204,,,,,,,
,,,MC216,Probability and Random Processes,3-1-0-4,General Elective (Maths),SK,CEP-105,,,,,,,,,,,,,,,,IE402,Optimization,3-0-2-4,General Elective (Maths),NKS,CEP-108,,,,,,,
,,,,,,,,,,,,,,,,,,,,,,,,,,,,,,,,,,,,
,MTech Sem-III (ICT-SS),,,,,,,,,,,,,,,,IT531,Advanced Computer Networks,3-0-2-4,SS Elective III/IV,PKS,CEP-209,,,,,,,,,IT531,Advanced Computer Networks,3-0-2-4,SS Elective III/IV,PKS,CEP-209
,,,,,,,,,,,,,,,,,,,,,,,,,,,,,,,,,,,,
,,,,,,,,,,,,,,,,,,,,,,,,,,,,,,,,,,,,
,MTech Sem-III (ICT-ML),,,,,,,,,,,,,,,,IT594,Deep Neural NLP & Applications,3-0-2-4,ML Elective III/IV,SDG,CEP-204,,,,,,,,,IT594,Deep Neural NLP & Applications,3-0-2-4,ML Elective III/IV,SDG,CEP-204
,,,,,,,,,,,,,,,,,,,,,,,,,,,,,,,,,,,,
,,,,,,,,,,,,,,,,,,,,,,,,,,,,,,,,,,,,
,MTech Sem-III (ICT-VLSI&ES),,,,,,,,,,,,,,,,,,,,,,,,,,,,,,,,,,,
,,,,,,,,,,,,,,,,,EL530,Introduction to Embedded Artifical Intelligence,3-0-2-4,VES Elective III/IV,TKM,CEP-106,,,,,,,,,EL530,Introduction to Embedded Artifical Intelligence,3-0-2-4,VES Elective III/IV,TKM,CEP-106
,,,,,,,,,,,,,,,,,,,,,,,,,,,,,,,,,,,,
,MTech Sem-III (EC),,,,,,,,,,,,,,,,CT425,RF and Antenna Engineering,3-0-0-3,WC&SP  Elective III/IV,DKG,CEP-108,,,,,,,,,CT425,RF and Antenna Engineering,3-0-0-3,WC&SP  Elective III/IV,DKG,CEP-108
,,,,,,,,,,,,,,,,,CT509,Next Generation Wireless Communication,3-0-2-4,WC&SP Elective III/IV,YV,CEP-103,,,,,,,,,CT509,Next Generation Wireless Communication,3-0-2-4,WC&SP Elective III/IV,YV,CEP-103
,,,,,,,,,,,,,,,,,,,,,,,,,,,,,,,,,,,,
,MSc Sem-I (IT),,SC612,Discrete Mathematics,3-1-0-4,Core,SP,CEP-207,,,,,,,,,,,,,,,,IT615,Database Management Systems,3-0-2-4,Core,MB,CEP-207,,,,,,,
,MSc Sem-I (DS),,DS604,Introduction to Data Management ,3-0-2-4,Core,PMJ,LAB A-SF,,,,,,,,,,,,,,,,DS603,Data Structures and Algorithms (with Python),3-0-2-4,Core,BG,CEP-202,,,,,,,
,MSc Sem-III (IT),,IT644,Web Services and SOA,3-0-2-4,Core,JL,CEP-209,,HM403,Corporate Finance,3-0-0-3,Open Elective,CJ,CEP-209,,IT531,Advanced Computer Networks,3-0-2-4,Technical Elective,PKS,CEP-209,,,,,,,,,IT531,Advanced Computer Networks,3-0-2-4,Technical Elective,PKS,CEP-209
,,,,,,,,,,HM333,Human Behaviour Management,3-0-0-3,Open Elective,NB,CEP-108,,,,,,,,,,,,,,,,,,,,,
,,,,,,,,,,HM404,Indian Society and Governance,2-1-0-3,Open Elective,VM,CEP-204,,,,,,,,,,,,,,,,,,,,,
,,,,,,,,,,,,,,,,,,,,,,,,,,,,,,,,,,,,
,MSc Sem-III (DS),,,,,,,,,HM403,Corporate Finance,3-0-0-3,Open Elective,CJ,CEP-209,,IT594,Deep Neural NLP & Applications,3-0-2-4,Technical Elective,SDG,CEP-204,,IT642,Interactive Data Visualization,3-0-2-4,Core,BC,LAB A-SF,,IT594,Deep Neural NLP & Applications,3-0-2-4,Technical Elective,SDG,CEP-204
,,,,,,,,,,HM333,Human Behaviour Management,3-0-0-3,Open Elective,NB,CEP-108,,,,,,,,,,,,,,,,,,,,,
,,,,,,,,,,HM408,AI Ethics and Data Governance,3-0-0-3,Open Elective,AD,CEP-204,,,,,,,,,,,,,,,,,,,,,
,,,,,,,,,,HM404,Indian Society and Governance,2-1-0-3,Open Elective,VM,CEP-103,,,,,,,,,,,,,,,,,,,,,
,MSc Sem-I (AA),,MA614,Preparatory Mathematics,2-0-0-2,Core,TBD,CEP-109,,,,,,,,,,,,,,,,MA613,Earth Observations System,3-0-2-4,Core,TBD,CEP-109,,,,,,,
,,,,,,,,,,,,,,,,,,,,,,,,,,,,,,,,,,,,
,,,,,,,,,,,,,,,,,,,,,,,,,,,,,,,,,,,,
10:00 - 10:50,,,Slot-2,,,,,,,Slot-5,,,,,,,Slot-Free,,,,,,,Slot-4,,,,,,,Slot-6,,,,,
,BTech Sem-I (ICT + CS),,,,,,,,,IT112,Introduction to Programming (Sec A),3-0-0-3,Core,SS,LT-2,,,,,,,,,SC107,Calculus (Sec A),3-1-0-4,Core,SB2,LT-3,,EL111,Basic Electronic Circuits (Sec A),3-0-2-4,Core,RLD,LT-2
,,,,,,,,,,IT112,Introduction to Programming (Sec B),3-0-0-3,Core,RC,LT-3,,,,,,,,,,,,,,,,EL111,Basic Electronic Circuits (Sec B),3-0-2-4,Core,PK,LT-3
,BTech Sem-I (MnC),,,,,,,,,,,,,,,,,,,,,,,MC116,Digital Logic Design,1-0-2-2,Core,SR,CEP-104,,MC112,Computer Organization and Programming,3-0-0-3,Core,NJ,CEP-104
,BTech Sem-I (EVD),,,,,,,,,IT112,Introduction to Programming (Sec B),3-0-0-3,Core,RC,LT-3,,,,,,,,,ED112,Engineering Physics,3-0-2-4,Core,AR,CEP-103,,EL111,Basic Electronic Circuits (Sec B),3-0-2-4,Core,PK,LT-3
,BTech Sem-III (ICT + CS),,CT204,Signals and Systems (Sem A),3-0-2-4,Core,AT,CEP-110,,SC223,Linear Algebra (Sec A),3-1-0-4,Core,MKG,CEP-110,,,,,,,,,HM216,"Science, Technology, and Society (Sec A)",3-0-0-3,Core,SJ,CEP-102,,,,,,,
,,,CT204,Signals and Systems (Sem B),3-0-2-4,Core,SM,CEP-102,,SC223,Linear Algebra (Sec B),3-1-0-4,Core,MKR,CEP-102,,,,,,,,,IT227,Computer Systems Programming (Sec B),3-0-2-4,Core,AKM,CEP-110,,,,,,,
,BTech Sem-III (MnC),,MC211,Functions of Several Variables and PDEs ,3-1-0-4,Core,MS,CEP-105,,MC213,Design and Analysis of Algorithms,3-1-0-4,Core,SP,CEP-105,,,,,,,,,MC216,Probability and Random Processes,3-1-0-4,Core,SK,CEP-105,,MC212,Database Management Systems,3-0-2-4,Core,AKM,CEP-105
,BTech Sem-III (EVD),,ED211,Engineering Mathematics III,3-1-0-4,Core,MKG,CEP-104,,,,,,,,,,,,,,,,ED213,Signal Processing and Control Systems,3-0-2-4,Core,HP,CEP-107,,,,,,,
,BTech Sem-V (ICT + CS),,IT422,Models of Computation ,3-0-0-3,Technical Elective,RM,CEP-103,,EL453,Nanoelectronics,3-0-0-3,Technical Elective,RP,CEP-106,,,,,,,,,CT303,Digital Communication (Sec A),3-0-2-4,Core,AJ,LT-1,,IT314,Software Engineering (Sec A),3-0-2-4,Core,ST,CEP-110
,,,IT462,Exploratory Data Analysis,3-0-2-4,Technical Elective,GP,CEP-204,,EL467,Digital Programming,3-0-2-4,Technical Elective,YA,CEP-108,,,,,,,,,IT314,Software Engineering (Sec B),3-0-2-4,Core,ST,LT-2,,CT303,Digital Communication (Sec B),3-0-2-4,Core,MK2,CEP-102
,,,IT324,Mathematical Logic and Its Applications,3-0-0-3,Technical Elective,MKR,CEP-202,,EL401,Physics of Semiconductor,3-0-0-3,Technical Elective,HSJ,CEP-103,,,,,,,,,,,,,,,,,,,,,
,,,,,,,,,,EL312,Solid State Devices,3-0-0-3,Technical Elective,AKR,CEP-204,,,,,,,,,,,,,,,,,,,,,
,,,,,,,,,,,,,,,,,,,,,,,,,,,,,,,,,,,,
,,,,,,,,,,,,,,,,,,,,,,,,,,,,,,,,,,,,
,BTech Sem-V (CS-Only),,,,,,,,,,,,,,,,,,,,,,,,,,,,,,,,,,,
,BTech Sem-V (MnC),,IT462,Exploratory Data Analysis,3-0-2-4,MnC Elective,GP,CEP-204,,MC311,Mathematical Optimization,3-1-0-4,Core,NKS,CEP-202,,,,,,,,,SC404,Advanced Matrix Theory,3-0-0-3,MnC Elective,AM2,CEP-106,,MC312,Modelling and Simulation,3-0-2-4,Core,MT,CEP-202
,,,,,,,,,,,,,,,,,,,,,,,,SC471,Algorithmic Graph Theory,3-0-2-4,MnC Elective,VS,CEP-202,,,,,,,
,,,,,,,,,,,,,,,,,,,,,,,,,,,,,,,,,,,,
,,,,,,,,,,,,,,,,,,,,,,,,,,,,,,,,,,,,
,,,,,,,,,,,,,,,,,,,,,,,,,,,,,,,,,,,,
,BTech Sem-VII (ICT + CS),,IT486,Blockchains and Cryptocurrencies,3-0-0-3,Technical Elective,AMM,CEP-106,,EL453,Nanoelectronics,3-0-0-3,Technical Elective,RP,CEP-106,,,,,,,,,SC404,Advanced Matrix Theory,3-0-0-3,Science Elective,AM2,CEP-106,,HM484,Modern European Philosophy,3-0-0-3,HASSE,BK,CEP-106
,,,IT550,Information Retrieval,3-0-2-4,Technical Elective,VF,CEP-203,,EL467,Digital Programming,3-0-2-4,Technical Elective,YA,CEP-108,,,,,,,,,SC471,Algorithmic Graph Theory,3-0-2-4,Science Elective,VS,CEP-202,,HM333,Human Behaviour Management,3-0-0-3,HASSE,NB,CEP-108
,,,IT524,Computer Vision,3-0-2-4,Technical Elective,MVJ,CEP-108,,EL519,Low Power VLSI Design,2-0-2-3,Technical Elective,BM,CEP-205,,,,,,,,,HM405,Idea of India,3-0-0-3,Open Elective,VF,CEP-108,,HM403,Corporate Finance,3-0-0-3,HASSE,CJ,CEP-209
,,,IT422,Models of Computation ,3-0-0-3,Technical Elective,RM,CEP-103,,EL401,Physics of Semiconductor,3-0-0-3,Technical Elective,HSJ,CEP-103,,,,,,,,,HM407,What Stories Are,3-0-0-3,Open Elective,VF,CEP-204,,HM479,Satyajit Ray: Filmaker and Artist,3-0-0-3,HASSE,ANS,CEP-104
,,,IT324,Mathematical Logic and Its Applications,3-0-0-3,Technical Elective,MKR,CEP-202,,EL312,Solid State Devices,3-0-0-3,Technical Elective,AKR,CEP-204,,,,,,,,,,,,,,,,HM404,Indian Society and Governance,2-1-0-3,HASSE,VM,CEP-103
,,,,,,,,,,,,,,,,,,,,,,,,,,,,,,,HM408,AI Ethics and Data Governance,3-0-0-3,HASSE,AD,CEP-204
,,,,,,,,,,,,,,,,,,,,,,,,,,,,,,,HM406,Migration and Transnational Identities,3-0-0-3,HASSE,RB,CEP-203
,,,,,,,,,,,,,,,,,,,,,,,,,,,,,,,EL526,VLSI System Design,3-0-2-4,Technical Elective,YA,CEP-109
,,,,,,,,,,,,,,,,,,,,,,,,,,,,,,,CT549,Introduction to Wireless Communication,3-0-2-4,Technical Elective,AJ,CEP-107
,,,,,,,,,,,,,,,,,,,,,,,,,,,,,,,,,,,,
,BTech Sem-VII (MnC),,IT486,Blockchains and Cryptocurrencies,3-0-0-3,MnC Elective,AMM,CEP-106,,,,,,,,,,,,,,,,SC404,Advanced Matrix Theory,3-0-0-3,MnC Elective,AM2,CEP-106,,HM484,Modern European Philosophy,3-0-0-3,Open Elective,BK,CEP-106
,,,IT550,Information Retrieval,3-0-2-4,MnC Elective,VF,CEP-203,,,,,,,,,,,,,,,,SC471,Algorithmic Graph Theory,3-0-2-4,MnC Elective,VS,CEP-202,,HM333,Human Behaviour Management,3-0-0-3,Open Elective,NB,CEP-108
,,,,,,,,,,,,,,,,,,,,,,,,HM405,Idea of India,3-0-0-3,Open Elective,VF,CEP-108,,HM403,Corporate Finance,3-0-0-3,Open Elective,CJ,CEP-209
,,,,,,,,,,,,,,,,,,,,,,,,HM407,What Stories Are,3-0-0-3,Open Elective,VF,CEP-204,,HM479,Satyajit Ray: Filmaker and Artist,3-0-0-3,Open Elective,ANS,CEP-104
,,,,,,,,,,,,,,,,,,,,,,,,,,,,,,,HM404,Indian Society and Governance,2-1-0-3,Open Elective,VM,CEP-103
,,,,,,,,,,,,,,,,,,,,,,,,,,,,,,,HM406,Migration and Transnational Identities,3-0-0-3,Open Elective,RB,CEP-203
,,,,,,,,,,,,,,,,,,,,,,,,,,,,,,,,,,,,
,MTech Sem-I (ICT-SS),,PC512,Communication Skills and Technical Writing,2-0-0-2,Program Core,PD,CEP-202,,EL467,Digital Programming,3-0-2-4,General Elective (Technical),YA,CEP-108,,,,,,,,,SC404,Advanced Matrix Theory,3-0-0-3,General Elective (Maths),AM2,CEP-106,,,,,,,
,,,,,,,,,,,,,,,,,,,,,,,,SC471,Algorithmic Graph Theory,3-0-2-4,General Elective (Maths),VS,CEP-202,,,,,,,
,,,,,,,,,,,,,,,,,,,,,,,,MC216,Probability and Random Processes,3-1-0-4,General Elective (Maths),SK,CEP-105,,,,,,,
,,,,,,,,,,,,,,,,,,,,,,,,,,,,,,,,,,,,
,MTech Sem-I (ICT-ML),,PC512,Communication Skills and Technical Writing,2-0-0-2,Program Core,PD,CEP-202,,EL467,Digital Programming,3-0-2-4,General Elective (Technical),YA,CEP-108,,,,,,,,,SC404,Advanced Matrix Theory,3-0-0-3,General Elective (Maths),AM2,CEP-106,,,,,,,
,,,,,,,,,,,,,,,,,,,,,,,,SC471,Algorithmic Graph Theory,3-0-2-4,General Elective (Maths),VS,CEP-202,,,,,,,
,,,,,,,,,,,,,,,,,,,,,,,,MC216,Probability and Random Processes,3-1-0-4,General Elective (Maths),SK,CEP-105,,,,,,,
,,,,,,,,,,,,,,,,,,,,,,,,,,,,,,,,,,,,
,MTech Sem-I (ICT-VLSI&ES),,PC512,Communication Skills and Technical Writing,2-0-0-2,Program Core,PD,CEP-202,,EL467,Digital Programming,3-0-2-4,General Elective (Technical),YA,CEP-108,,,,,,,,,SC404,Advanced Matrix Theory,3-0-0-3,General Elective (Maths),AM2,CEP-106,,EL526,VLSI System Design,3-0-2-4,VES Sp. Core,YA,CEP-109
,,,,,,,,,,,,,,,,,,,,,,,,SC471,Algorithmic Graph Theory,3-0-2-4,General Elective (Maths),VS,CEP-202,,,,,,,
,,,,,,,,,,,,,,,,,,,,,,,,MC216,Probability and Random Processes,3-1-0-4,General Elective (Maths),SK,CEP-105,,,,,,,
,,,,,,,,,,,,,,,,,,,,,,,,,,,,,,,,,,,,
,MTech Sem-I (ICT-WCSP),,PC512,Communication Skills and Technical Writing,2-0-0-2,Program Core,PD,CEP-202,,EL467,Digital Programming,3-0-2-4,General Elective (Technical),YA,CEP-108,,,,,,,,,SC404,Advanced Matrix Theory,3-0-0-3,General Elective (Maths),AM2,CEP-106,,CT549,Introduction to Wireless Communication,3-0-2-4,WCSP Sp. Core,AJ,CEP-107
,,,,,,,,,,,,,,,,,,,,,,,,SC471,Algorithmic Graph Theory,3-0-2-4,General Elective (Maths),VS,CEP-202,,,,,,,
,,,,,,,,,,,,,,,,,,,,,,,,MC216,Probability and Random Processes,3-1-0-4,General Elective (Maths),SK,CEP-105,,,,,,,
,,,,,,,,,,,,,,,,,,,,,,,,,,,,,,,,,,,,
,MTech Sem-III (ICT-SS),,IT486,Blockchain and Cryptocurrencies,3-0-0-3,SS Elective III/IV,AMM,CEP-106,,,,,,,,,,,,,,,,,,,,,,,,,,,,
,,,IT422,Models of Computation ,3-0-0-3,SS Elective III/IV,RM,CEP-103,,,,,,,,,,,,,,,,,,,,,,,,,,,,
,,,,,,,,,,,,,,,,,,,,,,,,,,,,,,,,,,,,
,MTech Sem-III (ICT-ML),,IT550,Information Retrieval,3-0-2-4,ML Elective III/IV,VF,,,,,,,,,,,,,,,,,,,,,,,,,,,,,
,,,IT524,Computer Vision,3-0-2-4,ML Elective III/IV,MVJ,CEP-108,,,,,,,,,,,,,,,,,,,,,,,,,,,,
,,,,,,,,,,,,,,,,,,,,,,,,,,,,,,,,,,,,
,MTech Sem-III (ICT-VLSI&ES),,,,,,,,,EL453,Nanoelectronics,3-0-0-3,VES Elective III/IV,RP,CEP-106,,,,,,,,,,,,,,,,,,,,,
,,,,,,,,,,EL519,Lowpower VLSI Design,2-0-2-3,VES Elective III/IV,BM,CEP-205,,,,,,,,,,,,,,,,,,,,,
,,,,,,,,,,,,,,,,,,,,,,,,,,,,,,,,,,,,
,MTech Sem-III (EC),,,,,,,,,,,,,,,,,,,,,,,,,,,,,,,,,,,
,,,,,,,,,,,,,,,,,,,,,,,,,,,,,,,,,,,,
,,,,,,,,,,,,,,,,,,,,,,,,,,,,,,,,,,,,
,MSc Sem-I (IT),,IT623,Data Structures,3-0-2-4,Core,MK,CEP-207,,IT603,Introduction to Programming,3-0-2-4,Core,TBD,CEP-207,,,,,,,,,SC612,Discrete Mathematics,3-1-0-4,Core,SP,CEP-207,,,,,,,
,MSc Sem-I (DS),,DS602,Statistical Methods (Lab:python),3-0-2-4,Core,TB,LAB A-SF,,DS605,Fundamentals of Machine Learning,3-0-2-4,Core,AR2,LAB A-SF,,,,,,,,,DS604,Introduction to Data Management ,3-0-2-4,Core,PMJ,LAB A-SF,,,,,,,
,MSc Sem-III (IT),,IT462,Exploratory Data Analysis,3-0-2-4,Technical Elective,GP,CEP-204,,IT645,Web and Mobile Development,3-0-2-4,Core,SB,CEP-209,,,,,,,,,IT644,Web Services and SOA,3-0-2-4,Core,JL,CEP-209,,HM403,Corporate Finance,3-0-0-3,Open Elective,CJ,CEP-209
,,,IT634,Information Systems Security,3-0-2-4,Technical Elective,MLD,CEP-209,,,,,,,,,,,,,,,,,,,,,,,HM333,Human Behaviour Management,3-0-0-3,Open Elective,NB,CEP-108
,,,,,,,,,,,,,,,,,,,,,,,,,,,,,,,HM404,Indian Society and Governance,2-1-0-3,Open Elective,VM,CEP-204
,,,,,,,,,,,,,,,,,,,,,,,,,,,,,,,,,,,,
,MSc Sem-III (DS),,IT550,Information Retrieval,3-0-2-4,Technical Elective,VF,CEP-203,,,,,,,,,,,,,,,,,,,,,,,HM403,Corporate Finance,3-0-0-3,Open Elective,CJ,CEP-209
,,,IT634,Information Systems Security,3-0-2-4,Technical Elective,MLD,CEP-209,,,,,,,,,,,,,,,,,,,,,,,HM333,Human Behaviour Management,3-0-0-3,Open Elective,NB,CEP-108
,,,IT524,Computer Vision,3-0-2-4,Technical Elective,MVJ,CEP-108,,,,,,,,,,,,,,,,,,,,,,,HM408,AI Ethics and Data Governance,3-0-0-3,Open Elective,AD,CEP-204
,,,,,,,,,,,,,,,,,,,,,,,,,,,,,,,HM404,Indian Society and Governance,2-1-0-3,Open Elective,VM,CEP-103
,MSc Sem-I (AA),,MA611,Fundamentals of Python Programming and SQL,3-0-2-4,Core,TBD,CEP-109,,MA615,Fundamentals of Agricultural Science,2-0-0-2,Core,TBD,CEP-109,,,,,,,,,MA614,Preparatory Mathematics,2-0-0-2,Core,TBD,CEP-109,,,,,,,
,,,,,,,,,,,,,,,,,,,,,,,,,,,,,,,,,,,,
,,,,,,,,,,,,,,,,,,,,,,,,,,,,,,,,,,,,
11:00 - 11:50,,,Slot-7,,,,,,,Slot-3,,,,,,,Slot-7,,,,,,,Slot-5,,,,,,,Slot-4,,,,,
,BTech Sem-I (ICT + CS),,IC101,Introduction to ICT (Sec A),1-0-2-2,Core,AKR,LT-3,,PC110,Language and Literature (Sec A),3-0-0-3,Core,AM,LT-3,,,,,,,,,IT112,Introduction to Programming (Sec A),3-0-0-3,Core,SS,LT-2,,SC107,Calculus (Sec A),3-1-0-4,Core,SB2,LT-3
,,,,,,,,,,SC107,Calculus (Sec B),3-1-0-4,Core,AM2,LT-2,,IC101,Introduction to ICT (Sec B),1-0-2-2,Core,AKR,LT-3,,IT112,Introduction to Programming (Sec B),3-0-0-3,Core,RC,LT-3,,,,,,,
,BTech Sem-I (MnC),,MC111,"Mathematical, Algorithmic, and Computational Thinking",3-1-0-4,Core,VS,CEP-104,,MC123,Discrete Mathematics,3-1-0-4,Core,SB2,CEP-104,,MC111,"Mathematical, Algorithmic, and Computational Thinking",3-1-0-4,Core,VS,CEP-104,,,,,,,,,MC116,Digital Logic Design,1-0-2-2,Core,SR,CEP-104
,BTech Sem-I (EVD),,ED111,Engineering Mathematics I,3-1-0-4,Core,PK2,CEP-105,,,,,,,,,ED111,Engineering Mathematics I,3-1-0-4,Core,PK2,CEP-105,,IT112,Introduction to Programming (Sec B),3-0-0-3,Core,RC,LT-3,,ED112,Engineering Physics,3-0-2-4,Core,AR,CEP-103
,BTech Sem-III (ICT + CS),,,,,,,,,IT216,Design and Analysis of Algorithms (Sec A),3-1-0-4,Core,PB,CEP-110,,,,,,,,,SC223,Linear Algebra (Sec A),3-1-0-4,Core,MKG,CEP-110,,HM216,"Science, Technology, and Society (Sec A)",3-0-0-3,Core,SJ,CEP-102
,,,,,,,,,,IT216,Design and Analysis of Algorithms (Sec B),3-1-0-4,Core,RM,CEP-102,,,,,,,,,SC223,Linear Algebra (Sec B),3-1-0-4,Core,MKR,CEP-102,,IT227,Computer Systems Programming (Sec B),3-0-2-4,Core,AKM,CEP-110
,BTech Sem-III (MnC),,,,,,,,,MC214,Operating Systems (along with IE411),3-0-2-4,Core,AMM,CEP-106,,,,,,,,,MC213,Design and Analysis of Algorithms,3-1-0-4,Core,SP,CEP-105,,MC216,Probability and Random Processes,3-1-0-4,Core,SK,CEP-105
,BTech Sem-III (EVD),,,,,,,,,ED212,Solid State Devices,3-0-2-4,Core,PK,CEP-105,,,,,,,,,,,,,,,,ED213,Signal Processing and Control Systems,3-0-2-4,Core,HP,CEP-107
,BTech Sem-V (ICT + CS),,IT304,Computer Networks (Sec A),3-0-2-4,Core,SS,CEP-110,,IE402,Optimization,3-0-2-4,ICT & Technical Elective,NKS,CEP-108,,IT304,Computer Networks (Sec A),3-0-2-4,Core,SS,CEP-110,,EL453,Nanoelectronics,3-0-0-3,Technical Elective,RP,CEP-106,,CT303,Digital Communication (Sec A),3-0-2-4,Core,AJ,LT-1
,,,IT304,Computer Networks (Sec B),3-0-2-4,Core,PKS,CEP-102,,IE407,Internet of Things,3-0-2-4,ICT & Technical Elective & RAS elective,VSP,CEP-204,,IT304,Computer Networks (Sec B),3-0-2-4,Core,PKS,CEP-102,,EL467,Digital Programming,3-0-2-4,Technical Elective,YA,CEP-108,,IT314,Software Engineering (Sec B),3-0-2-4,Core,ST,LT-2
,,,,,,,,,,IE406,Machine Learning,3-0-2-4,ICT & Technical Elective & RAS elective,PA,LT-1,,,,,,,,,EL401,Physics of Semiconductor,3-0-0-3,Technical Elective,HSJ,CEP-103,,,,,,,
,,,,,,,,,,IE403,Human Computer Interaction,3-0-2-4,ICT & Technical Elective & RAS elective,MK,CEP-103,,,,,,,,,EL312,Solid State Devices,3-0-0-3,Technical Elective,AKR,CEP-204,,,,,,,
,,,,,,,,,,IE494,Big Data Processing,3-0-2-4,ICT & Technical Elective ,PMJ,CEP-209,,,,,,,,,,,,,,,,,,,,,
,,,,,,,,,,,,,,,,,,,,,,,,,,,,,,,,,,,,
,BTech Sem-V (CS-Only),,,,,,,,,,,,,,,,,,,,,,,,,,,,,,,,,,,
,BTech Sem-V (MnC),,MC314,Principles of Economics,3-0-0-3,Core,CJ,CEP-202,,IE403,Human Computer Interaction,3-0-2-4,MnC Elective,MK,CEP-103,,MC314,Principles of Economics,3-0-0-3,Core,CJ,CEP-202,,MC311,Mathematical Optimization,3-1-0-4,Core,NKS,CEP-202,,SC404,Advanced Matrix Theory,3-0-0-3,MnC Elective,AM2,CEP-106
,,,,,,,,,,IE494,Big Data Processing,3-0-2-4,ICT & Technical Elective ,PMJ,CEP-209,,,,,,,,,,,,,,,,SC471,Algorithmic Graph Theory,3-0-2-4,MnC Elective,VS,CEP-202
,,,,,,,,,,,,,,,,,,,,,,,,,,,,,,,,,,,,
,,,,,,,,,,,,,,,,,,,,,,,,,,,,,,,,,,,,
,,,,,,,,,,,,,,,,,,,,,,,,,,,,,,,,,,,,
,BTech Sem-VII (ICT + CS),,SC435,Introduction to Complex Network,3-0-0-3,Science Elective,MT,CEP-108,,IE402,Optimization,3-0-2-4,ICT & Technical Elective,NKS,CEP-108,,SC435,Introduction to Complex Network,3-0-0-3,Science Elective,MT,CEP-108,,EL453,Nanoelectronics,3-0-0-3,Technical Elective,RP,CEP-106,,SC404,Advanced Matrix Theory,3-0-0-3,Science Elective,AM2,CEP-106
,,,SC478,Application of Statistics to Complex Systems,3-0-0-3,Science Elective,PR,CEP-103,,IE411,Operating Systems,3-0-2-4,ICT & Technical Elective,AMM,CEP-106,,SC478,Application of Statistics to Complex Systems,3-0-0-3,Science Elective,PR,CEP-103,,EL467,Digital Programming,3-0-2-4,Technical Elective,YA,CEP-108,,SC471,Algorithmic Graph Theory,3-0-2-4,Science Elective,VS,CEP-202
,,,,,,,,,,IE407,Internet of Things,3-0-2-4,ICT & Technical Elective & RAS elective,VSP,CEP-204,,,,,,,,,EL519,Low Power VLSI Design,2-0-2-3,Technical Elective,BM,CEP-205,,HM405,Idea of India,3-0-0-3,Open Elective,VF,CEP-108
,,,,,,,,,,IE406,Machine Learning,3-0-2-4,ICT & Technical Elective & RAS elective,PA,LT-1,,,,,,,,,EL401,Physics of Semiconductor,3-0-0-3,Technical Elective,HSJ,CEP-103,,HM407,What Stories Are,3-0-0-3,Open Elective,VF,CEP-204
,,,,,,,,,,IE494,Big Data Processing,3-0-2-4,ICT & Technical Elective & RAS elective,PMJ,CEP-209,,,,,,,,,EL312,Solid State Devices,3-0-0-3,Technical Elective,AKR,CEP-204,,,,,,,
,,,,,,,,,,IE403,Human Computer Interaction,3-0-2-4,ICT & Technical Elective & RAS elective,MK,CEP-103,,,,,,,,,,,,,,,,,,,,,
,,,,,,,,,,,,,,,,,,,,,,,,,,,,,,,,,,,,
,,,,,,,,,,,,,,,,,,,,,,,,,,,,,,,,,,,,
,,,,,,,,,,,,,,,,,,,,,,,,,,,,,,,,,,,,
,,,,,,,,,,,,,,,,,,,,,,,,,,,,,,,,,,,,
,BTech Sem-VII (MnC),,SC435,Introduction to Complex Network,3-0-0-3,MnC Elective,MT,CEP-108,,IE494,Big Data Processing,3-0-2-4,MnC Elective,PMJ,CEP-209,,SC435,Introduction to Complex Network,3-0-0-3,MnC Elective,MT,CEP-108,,,,,,,,,SC404,Advanced Matrix Theory,3-0-0-3,MnC Elective,AM2,CEP-106
,,,SC478,Application of Statistics to Complex Systems,3-0-0-3,MnC Elective,PR,CEP-103,,IE403,Human Computer Interaction,3-0-2-4,MnC Elective,MK,CEP-103,,SC478,Application of Statistics to Complex Systems,3-0-0-3,MnC Elective,PR,CEP-103,,,,,,,,,SC471,Algorithmic Graph Theory,3-0-2-4,MnC Elective,VS,CEP-202
,,,,,,,,,,,,,,,,,,,,,,,,,,,,,,,HM405,Idea of India,3-0-0-3,Open Elective,VF,CEP-108
,,,,,,,,,,,,,,,,,,,,,,,,,,,,,,,HM407,What Stories Are,3-0-0-3,Open Elective,VF,CEP-204
,,,,,,,,,,,,,,,,,,,,,,,,,,,,,,,,,,,,
,,,,,,,,,,,,,,,,,,,,,,,,,,,,,,,,,,,,
,,,,,,,,,,,,,,,,,,,,,,,,,,,,,,,,,,,,
,MTech Sem-I (ICT-SS),,IT582,Foundations of Machine Learning ,3-0-2-4,General Elective (Technical),MVJ,CEP-106,,IE403,Human Computer Interaction,3-0-2-4,General Elective (Technical),MK,CEP-103,,IT582,Foundations of Machine Learning ,3-0-2-4,General Elective (Technical),MVJ,CEP-106,,EL467,Digital Programming,3-0-2-4,General Elective (Technical),YA,CEP-108,,SC404,Advanced Matrix Theory,3-0-0-3,General Elective (Maths),AM2,CEP-106
,,,,,,,,,,IE407,Internet of Things,3-0-2-4,General Elective (Technical),VSP,CEP-204,,,,,,,,,,,,,,,,SC471,Algorithmic Graph Theory,3-0-2-4,General Elective (Maths),VS,CEP-202
,,,,,,,,,,IE402,Optimization,3-0-2-4,General Elective (Maths),NKS,CEP-108,,,,,,,,,,,,,,,,MC216,Probability and Random Processes,3-1-0-4,General Elective (Maths),SK,CEP-105
,,,,,,,,,,,,,,,,,,,,,,,,,,,,,,,,,,,,
,MTech Sem-I (ICT-ML),,IT582,Foundations of Machine Learning ,3-0-2-4,General Elective (Technical),MVJ,CEP-106,,IE403,Human Computer Interaction,3-0-2-4,General Elective (Technical),MK,CEP-103,,IT582,Foundations of Machine Learning ,3-0-2-4,General Elective (Technical),MVJ,CEP-106,,EL467,Digital Programming,3-0-2-4,General Elective (Technical),YA,CEP-108,,SC404,Advanced Matrix Theory,3-0-0-3,General Elective (Maths),AM2,CEP-106
,,,,,,,,,,IE407,Internet of Things,3-0-2-4,General Elective (Technical),VSP,CEP-204,,,,,,,,,,,,,,,,SC471,Algorithmic Graph Theory,3-0-2-4,General Elective (Maths),VS,CEP-202
,,,,,,,,,,IE402,Optimization,3-0-2-4,General Elective (Maths),NKS,CEP-108,,,,,,,,,,,,,,,,MC216,Probability and Random Processes,3-1-0-4,General Elective (Maths),SK,CEP-105
,,,,,,,,,,,,,,,,,,,,,,,,,,,,,,,,,,,,
,MTech Sem-I (ICT-VLSI&ES),,IT582,Foundations of Machine Learning ,3-0-2-4,General Elective (Technical),MVJ,CEP-106,,IE403,Human Computer Interaction,3-0-2-4,General Elective (Technical),MK,CEP-103,,IT582,Foundations of Machine Learning ,3-0-2-4,General Elective (Technical),MVJ,CEP-106,,EL467,Digital Programming,3-0-2-4,General Elective (Technical),YA,CEP-108,,SC404,Advanced Matrix Theory,3-0-0-3,General Elective (Maths),AM2,CEP-106
,,,,,,,,,,IE407,Internet of Things,3-0-2-4,General Elective (Technical),VSP,CEP-204,,,,,,,,,,,,,,,,SC471,Algorithmic Graph Theory,3-0-2-4,General Elective (Maths),VS,CEP-202
,,,,,,,,,,IE402,Optimization,3-0-2-4,General Elective (Maths),NKS,CEP-108,,,,,,,,,,,,,,,,MC216,Probability and Random Processes,3-1-0-4,General Elective (Maths),SK,CEP-105
,,,,,,,,,,,,,,,,,,,,,,,,,,,,,,,,,,,,
,MTech Sem-I (ICT-WCSP),,IT582,Foundations of Machine Learning ,3-0-2-4,General Elective (Technical),MVJ,CEP-106,,IE403,Human Computer Interaction,3-0-2-4,General Elective (Technical),MK,CEP-103,,IT582,Foundations of Machine Learning ,3-0-2-4,General Elective (Technical),MVJ,CEP-106,,EL467,Digital Programming,3-0-2-4,General Elective (Technical),YA,CEP-108,,SC404,Advanced Matrix Theory,3-0-0-3,General Elective (Maths),AM2,CEP-106
,,,,,,,,,,IE407,Internet of Things,3-0-2-4,General Elective (Technical),VSP,CEP-204,,,,,,,,,,,,,,,,SC471,Algorithmic Graph Theory,3-0-2-4,General Elective (Maths),VS,CEP-202
,,,,,,,,,,IE402,Optimization,3-0-2-4,General Elective (Maths),NKS,CEP-108,,,,,,,,,,,,,,,,MC216,Probability and Random Processes,3-1-0-4,General Elective (Maths),SK,CEP-105
,,,,,,,,,,,,,,,,,,,,,,,,,,,,,,,,,,,,
,MTech Sem-III (ICT-SS),,,,,,,,,,,,,,,,,,,,,,,,,,,,,,,,,,,
,,,,,,,,,,,,,,,,,,,,,,,,,,,,,,,,,,,,
,,,,,,,,,,,,,,,,,,,,,,,,,,,,,,,,,,,,
,MTech Sem-III (ICT-ML),,,,,,,,,,,,,,,,,,,,,,,,,,,,,,,,,,,
,,,,,,,,,,,,,,,,,,,,,,,,,,,,,,,,,,,,
,,,,,,,,,,,,,,,,,,,,,,,,,,,,,,,,,,,,
,MTech Sem-III (ICT-VLSI&ES),,,,,,,,,,,,,,,,,,,,,,,EL453,Nanoelectronics,3-0-0-3,VES Elective III/IV,RP,CEP-106,,,,,,,
,,,,,,,,,,,,,,,,,,,,,,,,EL519,Lowpower VLSI Design,2-0-2-3,VES Elective III/IV,BM,CEP-205,,,,,,,
,,,,,,,,,,,,,,,,,,,,,,,,,,,,,,,,,,,,
,MTech Sem-III (EC),,,,,,,,,,,,,,,,,,,,,,,,,,,,,,,,,,,
,,,,,,,,,,,,,,,,,,,,,,,,,,,,,,,,,,,,
,,,,,,,,,,,,,,,,,,,,,,,,,,,,,,,,,,,,
,MSc Sem-I (IT),,,,,,,,,IT615,Database Management Systems,3-0-2-4,Core,MB,CEP-207,,,,,,,,,IT603,Introduction to Programming,3-0-2-4,Core,TBD,CEP-207,,SC612,Discrete Mathematics,3-1-0-4,Core,SP,CEP-207
,MSc Sem-I (DS),,,,,,,,,DS603,Data Structures and Algorithms (with Python),3-0-2-4,Core,BG,CEP-202,,,,,,,,,DS605,Fundamentals of Machine Learning,3-0-2-4,Core,AR2,LAB A-SF,,DS604,Introduction to Data Management ,3-0-2-4,Core,PMJ,LAB A-SF
,MSc Sem-III (IT),,T643,Software Design and Testing,3-0-2-4,Core,ST,CEP-209,,,,,,,,,T643,Software Design and Testing,3-0-2-4,Core,ST,CEP-209,,IT645,Web and Mobile Development,3-0-2-4,Core,SB,CEP-209,,IT644,Web Services and SOA,3-0-2-4,Core,JL,CEP-209
,,,,,,,,,,,,,,,,,,,,,,,,,,,,,,,,,,,,
,,,,,,,,,,,,,,,,,,,,,,,,,,,,,,,,,,,,
,,,,,,,,,,,,,,,,,,,,,,,,,,,,,,,,,,,,
,MSc Sem-III (DS),,IT641,Deep Learning,3-0-2-4,,BG,LAB A-SF,,IT642,Interactive Data Visualization,3-0-2-4,Core,BC,LAB A-SF,,IT641,Deep Learning,3-0-2-4,,BG,LAB A-SF,,,,,,,,,,,,,,
,,,,,,,,,,,,,,,,,,,,,,,,,,,,,,,,,,,,
,,,,,,,,,,,,,,,,,,,,,,,,,,,,,,,,,,,,
,,,,,,,,,,,,,,,,,,,,,,,,,,,,,,,,,,,,
,MSc Sem-I (AA),,,,,,,,,MA613,Earth Observations System,3-0-2-4,Core,TBD,CEP-109,,,,,,,,,MA615,Fundamentals of Agricultural Science,2-0-0-2,Core,TBD,CEP-109,,MA614,Preparatory Mathematics,2-0-0-2,Core,TBD,CEP-109
,,,,,,,,,,,,,,,,,,,,,,,,,,,,,,,,,,,,
,,,,,,,,,,,,,,,,,,,,,,,,,,,,,,,,,,,,
12:00 - 12:50,,,Slot-1,,,,,,,Slot-1,,,,,,,Slot-2,,,,,,,Slot-1,,,,,,,Slot-2,,,,,
,BTech Sem-I (ICT + CS),,,,,,,,,,,,,,,,,,,,,,,,,,,,,,,,,,,
,,,,,,,,,,,,,,,,,,,,,,,,,,,,,,,,,,,,
,BTech Sem-I (MnC),,,,,,,,,,,,,,,,,,,,,,,,,,,,,,,,,,,
,BTech Sem-I (EVD),,,,,,,,,,,,,,,,,,,,,,,,,,,,,,,,,,,
,BTech Sem-III (ICT + CS),,IT227,Computer Systems Programming (Sec A),3-0-2-4,Core,AKM,CEP-110,,IT227,Computer Systems Programming (Sec A),3-0-2-4,Core,AKM,CEP-110,,CT204,Signals and Systems (Sem A),3-0-2-4,Core,AT,CEP-110,,IT227,Computer Systems Programming (Sec A),3-0-2-4,Core,AKM,CEP-110,,CT204,Signals and Systems (Sem A),3-0-2-4,Core,AT,CEP-110
,,,HM216,"Science, Technology, and Society (Sec B)",3-0-0-3,Core,SJ,CEP-102,,HM216,"Science, Technology, and Society (Sec B)",3-0-0-3,Core,SJ,CEP-102,,CT204,Signals and Systems (Sem B),3-0-2-4,Core,SM,CEP-102,,HM216,"Science, Technology, and Society (Sec B)",3-0-0-3,Core,SJ,CEP-102,,CT204,Signals and Systems (Sem B),3-0-2-4,Core,SM,CEP-102
,BTech Sem-III (MnC),,HM216,"Science, Technology, and Society (Sec B)",3-0-0-3,Core,SJ,CEP-102,,HM216,"Science, Technology, and Society (Sec B)",3-0-0-3,Core,SJ,CEP-102,,MC211,Functions of Several Variables and PDEs ,3-1-0-4,Core,MS,CEP-105,,HM216,"Science, Technology, and Society (Sec B)",3-0-0-3,Core,SJ,CEP-102,,MC211,Functions of Several Variables and PDEs ,3-1-0-4,Core,MS,CEP-105
,BTech Sem-III (EVD),,HM216,"Science, Technology, and Society (Sec B)",3-0-0-3,Core,SJ,CEP-102,,HM216,"Science, Technology, and Society (Sec B)",3-0-0-3,Core,SJ,CEP-102,,ED211,Engineering Mathematics III,3-1-0-4,Core,MKG,CEP-104,,HM216,"Science, Technology, and Society (Sec B)",3-0-0-3,Core,SJ,CEP-102,,ED211,Engineering Mathematics III,3-1-0-4,Core,MKG,CEP-104
,BTech Sem-V (ICT + CS),,IT575,Computational Shape Modeling,3-0-0-3,Technical Elective,AT,CEP-106,,IT575,Computational Shape Modeling,3-0-0-3,Technical Elective,AT,CEP-106,,IT422,Models of Computation ,3-0-0-3,Technical Elective,RM,CEP-103,,IT575,Computational Shape Modeling,3-0-0-3,Technical Elective,AT,CEP-106,,IT422,Models of Computation ,3-0-0-3,Technical Elective,RM,CEP-103
,,,CT437,Speech Communication ,3-0-2-4,Technical Elective,HP,CEP-103,,CT437,Speech Communication ,3-0-2-4,Technical Elective,HP,CEP-103,,IT462,Exploratory Data Analysis,3-0-2-4,Technical Elective,GP,CEP-204,,CT437,Speech Communication ,3-0-2-4,Technical Elective,HP,CEP-103,,IT462,Exploratory Data Analysis,3-0-2-4,Technical Elective,GP,CEP-204
,,,IE415,Control of Autonomous Systems ,3-0-2-4,ICT & Technical Elective (RAS Core),SK,CEP-108,,IE415,Control of Autonomous Systems ,3-0-2-4,ICT & Technical Elective (RAS Core),SK,CEP-108,,IT324,Mathematical Logic and Its Applications,3-0-0-3,Technical Elective,MKR,CEP-202,,IE415,Control of Autonomous Systems ,3-0-2-4,ICT & Technical Elective (RAS Core),SK,CEP-108,,IT324,Mathematical Logic and Its Applications,3-0-0-3,Technical Elective,MKR,CEP-202
,,,,,,,,,,,,,,,,,,,,,,,,,,,,,,,,,,,,
,,,,,,,,,,,,,,,,,,,,,,,,,,,,,,,,,,,,
,,,,,,,,,,,,,,,,,,,,,,,,,,,,,,,,,,,,
,BTech Sem-V (CS-Only),,,,,,,,,,,,,,,,,,,,,,,,,,,,,,,,,,,
,BTech Sem-V (MnC),,IT575,Computational Shape Modeling,3-0-0-3,MnC Elective,AT,CEP-106,,IT575,Computational Shape Modeling,3-0-0-3,MnC Elective,AT,CEP-106,,IT462,Exploratory Data Analysis,3-0-2-4,MnC Elective,GP,CEP-204,,IT575,Computational Shape Modeling,3-0-0-3,MnC Elective,AT,CEP-106,,IT462,Exploratory Data Analysis,3-0-2-4,MnC Elective,GP,CEP-204
,,,,,,,,,,,,,,,,,,,,,,,,,,,,,,,,,,,,
,,,,,,,,,,,,,,,,,,,,,,,,,,,,,,,,,,,,
,,,,,,,,,,,,,,,,,,,,,,,,,,,,,,,,,,,,
,,,,,,,,,,,,,,,,,,,,,,,,,,,,,,,,,,,,
,BTech Sem-VII (ICT + CS),,IT575,Computational Shape Modeling,3-0-0-3,Technical Elective,AT,CEP-106,,IT575,Computational Shape Modeling,3-0-0-3,Technical Elective,AT,CEP-106,,IT486,Blockchains and Cryptocurrencies,3-0-0-3,Technical Elective,AMM,CEP-106,,IT575,Computational Shape Modeling,3-0-0-3,Technical Elective,AT,CEP-106,,IT486,Blockchains and Cryptocurrencies,3-0-0-3,Technical Elective,AMM,CEP-106
,,,CT505,Detection and Estimation Theory,3-0-0-3,Technical Elective,SM,CEP-203,,CT505,Detection and Estimation Theory,3-0-0-3,Technical Elective,SM,CEP-203,,IT550,Information Retrieval,3-0-2-4,Technical Elective,VF,CEP-203,,CT505,Detection and Estimation Theory,3-0-0-3,Technical Elective,SM,CEP-203,,IT550,Information Retrieval,3-0-2-4,Technical Elective,VF,CEP-203
,,,CT437,Speech Communication ,3-0-2-4,Technical Elective,HP,CEP-103,,CT437,Speech Communication ,3-0-2-4,Technical Elective,HP,CEP-103,,IT524,Computer Vision,3-0-2-4,Technical Elective,MVJ,CEP-108,,CT437,Speech Communication ,3-0-2-4,Technical Elective,HP,CEP-103,,IT524,Computer Vision,3-0-2-4,Technical Elective,MVJ,CEP-108
,,,SC477,Quantum Information Theory,3-0-0-3,Science Elective,GD,CEP-202,,SC477,Quantum Information Theory,3-0-0-3,Science Elective,GD,CEP-202,,IT422,Models of Computation ,3-0-0-3,Technical Elective,RM,CEP-103,,SC477,Quantum Information Theory,3-0-0-3,Science Elective,GD,CEP-202,,IT422,Models of Computation ,3-0-0-3,Technical Elective,RM,CEP-103
,,,SC401,Introduction Nonlinear Dynamics,3-0-0-3,Science Elective,AR,CEP-204,,SC401,Introduction Nonlinear Dynamics,3-0-0-3,Science Elective,AR,CEP-204,,IT324,Mathematical Logic and Its Applications,3-0-0-3,Technical Elective,MKR,CEP-202,,SC401,Introduction Nonlinear Dynamics,3-0-0-3,Science Elective,AR,CEP-204,,IT324,Mathematical Logic and Its Applications,3-0-0-3,Technical Elective,MKR,CEP-202
,,,IE415,Control of Autonomous Systems ,3-0-2-4,ICT & Technical Elective,SK,CEP-108,,IE415,Control of Autonomous Systems ,3-0-2-4,ICT & Technical Elective,SK,CEP-108,,,,,,,,,IE415,Control of Autonomous Systems ,3-0-2-4,ICT & Technical Elective,SK,CEP-108,,,,,,,
,,,,,,,,,,,,,,,,,,,,,,,,,,,,,,,,,,,,
,,,,,,,,,,,,,,,,,,,,,,,,,,,,,,,,,,,,
,,,,,,,,,,,,,,,,,,,,,,,,,,,,,,,,,,,,
,,,,,,,,,,,,,,,,,,,,,,,,,,,,,,,,,,,,
,BTech Sem-VII (MnC),,SC477,Quantum Information Theory,3-0-0-3,MnC Elective,GD,CEP-202,,SC477,Quantum Information Theory,3-0-0-3,MnC Elective,GD,CEP-202,,IT486,Blockchains and Cryptocurrencies,3-0-0-3,MnC Elective,AMM,CEP-106,,SC477,Quantum Information Theory,3-0-0-3,MnC Elective,GD,CEP-202,,IT486,Blockchains and Cryptocurrencies,3-0-0-3,MnC Elective,AMM,CEP-106
,,,SC401,Introduction Nonlinear Dynamics,3-0-0-3,MnC Elective,AR,CEP-204,,SC401,Introduction Nonlinear Dynamics,3-0-0-3,MnC Elective,AR,CEP-204,,IT550,Information Retrieval,3-0-2-4,MnC Elective,VF,CEP-203,,SC401,Introduction Nonlinear Dynamics,3-0-0-3,MnC Elective,AR,CEP-204,,IT550,Information Retrieval,3-0-2-4,MnC Elective,VF,CEP-203
,,,IT575,Computational Shape Modeling,3-0-0-3,MnC Elective,AT,CEP-106,,IT575,Computational Shape Modeling,3-0-0-3,MnC Elective,AT,CEP-106,,,,,,,,,IT575,Computational Shape Modeling,3-0-0-3,MnC Elective,AT,CEP-106,,,,,,,
,,,,,,,,,,,,,,,,,,,,,,,,,,,,,,,,,,,,
,,,,,,,,,,,,,,,,,,,,,,,,,,,,,,,,,,,,
,,,,,,,,,,,,,,,,,,,,,,,,,,,,,,,,,,,,
,,,,,,,,,,,,,,,,,,,,,,,,,,,,,,,,,,,,
,MTech Sem-I (ICT-SS),,IT580,Advanced Algorithm,3-0-2-4,SS Sp. Core,MLD,CEP-209,,IT580,Advanced Algorithm,3-0-2-4,SS Sp. Core,MLD,CEP-209,,PC512,Communication Skills and Technical Writing,2-0-0-2,Program Core,PD,CEP-202,,IT580,Advanced Algorithm,3-0-2-4,SS Sp. Core,MLD,CEP-209,,PC512,Communication Skills and Technical Writing,2-0-0-2,Program Core,PD,CEP-202
,,,,,,,,,,,,,,,,,,,,,,,,,,,,,,,,,,,,
,,,,,,,,,,,,,,,,,,,,,,,,,,,,,,,,,,,,
,,,,,,,,,,,,,,,,,,,,,,,,,,,,,,,,,,,,
,MTech Sem-I (ICT-ML),,IT580,Advanced Algorithm,3-0-2-4,General Elective (Technical),MLD,CEP-209,,IT580,Advanced Algorithm,3-0-2-4,General Elective (Technical),MLD,CEP-209,,PC512,Communication Skills and Technical Writing,2-0-0-2,Program Core,PD,CEP-202,,IT580,Advanced Algorithm,3-0-2-4,General Elective (Technical),MLD,CEP-209,,PC512,Communication Skills and Technical Writing,2-0-0-2,Program Core,PD,CEP-202
,,,CT505,Detection and Estimation Theory,3-0-0-3,General Elective (Technical),SM,CEP-203,,CT505,Detection and Estimation Theory,3-0-0-3,General Elective (Technical),SM,CEP-203,,,,,,,,,CT505,Detection and Estimation Theory,3-0-0-3,General Elective (Technical),SM,CEP-203,,,,,,,
,,,,,,,,,,,,,,,,,,,,,,,,,,,,,,,,,,,,
,,,,,,,,,,,,,,,,,,,,,,,,,,,,,,,,,,,,
,MTech Sem-I (ICT-VLSI&ES),,CT505,Detection and Estimation Theory,3-0-0-3,General Elective (Technical),SM,CEP-203,,CT505,Detection and Estimation Theory,3-0-0-3,General Elective (Technical),SM,CEP-203,,PC512,Communication Skills and Technical Writing,2-0-0-2,Program Core,PD,CEP-202,,CT505,Detection and Estimation Theory,3-0-0-3,General Elective (Technical),SM,CEP-203,,PC512,Communication Skills and Technical Writing,2-0-0-2,Program Core,PD,CEP-202
,,,IT580,Advanced Algorithm,3-0-2-4,General Elective (Technical),MLD,CEP-209,,IT580,Advanced Algorithm,3-0-2-4,General Elective (Technical),MLD,CEP-209,,,,,,,,,IT580,Advanced Algorithm,3-0-2-4,General Elective (Technical),MLD,CEP-209,,,,,,,
,,,,,,,,,,,,,,,,,,,,,,,,,,,,,,,,,,,,
,,,,,,,,,,,,,,,,,,,,,,,,,,,,,,,,,,,,
,MTech Sem-I (ICT-WCSP),,CT505,Detection and Estimation Theory,3-0-0-3,General Elective (Technical),SM,CEP-203,,CT505,Detection and Estimation Theory,3-0-0-3,General Elective (Technical),SM,CEP-203,,PC512,Communication Skills and Technical Writing,2-0-0-2,Program Core,PD,CEP-202,,CT505,Detection and Estimation Theory,3-0-0-3,General Elective (Technical),SM,CEP-203,,PC512,Communication Skills and Technical Writing,2-0-0-2,Program Core,PD,CEP-202
,,,IT580,Advanced Algorithm,3-0-2-4,General Elective (Technical),MLD,CEP-209,,IT580,Advanced Algorithm,3-0-2-4,General Elective (Technical),MLD,CEP-209,,,,,,,,,IT580,Advanced Algorithm,3-0-2-4,General Elective (Technical),MLD,CEP-209,,,,,,,
,,,,,,,,,,,,,,,,,,,,,,,,,,,,,,,,,,,,
,,,,,,,,,,,,,,,,,,,,,,,,,,,,,,,,,,,,
,MTech Sem-III (ICT-SS),,,,,,,,,,,,,,,,IT486,Blockchain and Cryptocurrencies,3-0-0-3,SS Elective III/IV,AMM,CEP-106,,,,,,,,,IT486,Blockchain and Cryptocurrencies,3-0-0-3,SS Elective III/IV,AMM,CEP-106
,,,,,,,,,,,,,,,,,IT422,Models of Computation ,3-0-0-3,SS Elective III/IV,RM,CEP-103,,,,,,,,,IT422,Models of Computation ,3-0-0-3,SS Elective III/IV,RM,CEP-103
,,,,,,,,,,,,,,,,,,,,,,,,,,,,,,,,,,,,
,MTech Sem-III (ICT-ML),,IT575,Computational Shape Modeling,3-0-0-3,ML Elective III/IV,AT,CEP-106,,IT575,Computational Shape Modeling,3-0-0-3,ML Elective III/IV,AT,CEP-106,,IT550,Information Retrieval,3-0-2-4,ML Elective III/IV,VF,,,IT575,Computational Shape Modeling,3-0-0-3,ML Elective III/IV,AT,CEP-106,,IT550,Information Retrieval,3-0-2-4,ML Elective III/IV,VF,
,,,,,,,,,,,,,,,,,IT524,Computer Vision,3-0-2-4,ML Elective III/IV,MVJ,CEP-108,,,,,,,,,IT524,Computer Vision,3-0-2-4,ML Elective III/IV,MVJ,CEP-108
,,,,,,,,,,,,,,,,,,,,,,,,,,,,,,,,,,,,
,MTech Sem-III (ICT-VLSI&ES),,,,,,,,,,,,,,,,,,,,,,,,,,,,,,,,,,,
,,,,,,,,,,,,,,,,,,,,,,,,,,,,,,,,,,,,
,,,,,,,,,,,,,,,,,,,,,,,,,,,,,,,,,,,,
,MTech Sem-III (EC),,IT575,Computational Shape Modeling,3-0-0-3,WC&SP  Elective III/IV,AT,CEP-106,,IT575,Computational Shape Modeling,3-0-0-3,WC&SP  Elective III/IV,AT,CEP-106,,,,,,,,,IT575,Computational Shape Modeling,3-0-0-3,WC&SP  Elective III/IV,AT,CEP-106,,,,,,,
,,,CT540,Speech Communication ,3-0-2-4,WC&SP  Elective III/IV,HP,CEP-103,,CT540,Speech Communication ,3-0-2-4,WC&SP  Elective III/IV,HP,CEP-103,,,,,,,,,CT540,Speech Communication ,3-0-2-4,WC&SP  Elective III/IV,HP,CEP-103,,,,,,,
,,,,,,,,,,,,,,,,,,,,,,,,,,,,,,,,,,,,
,MSc Sem-I (IT),,PC613,Communication Skills,3-0-0-3,Core,JJ,CEP-207,,PC613,Communication Skills,3-0-0-3,Core,JJ,CEP-207,,IT623,Data Structures,3-0-2-4,Core,MK,CEP-207,,PC613,Communication Skills,3-0-0-3,Core,JJ,CEP-207,,IT623,Data Structures,3-0-2-4,Core,MK,CEP-207
,MSc Sem-I (DS),,DS601,Mathematical Foundation for Data Science,3-1-0-4,Core,PA,LAB A-SF,,DS601,Mathematical Foundation for Data Science,3-1-0-4,Core,PA,LAB A-SF,,DS602,Statistical Methods (Lab:python),3-0-2-4,Core,TB,LAB A-SF,,DS601,Mathematical Foundation for Data Science,3-1-0-4,Core,PA,LAB A-SF,,DS602,Statistical Methods (Lab:python),3-0-2-4,Core,TB,LAB A-SF
,MSc Sem-III (IT),,IT580,Advanced Algorithm,3-0-2-4,Technical Elective,MLD,CEP-209,,IT580,Advanced Algorithm,3-0-2-4,Technical Elective,MLD,CEP-209,,IT462,Exploratory Data Analysis,3-0-2-4,Technical Elective,GP,CEP-204,,IT580,Advanced Algorithm,3-0-2-4,Technical Elective,MLD,CEP-209,,IT462,Exploratory Data Analysis,3-0-2-4,Technical Elective,GP,CEP-204
,,,,,,,,,,,,,,,,,IT634,Information Systems Security,3-0-2-4,Technical Elective,MLD,CEP-209,,,,,,,,,IT634,Information Systems Security,3-0-2-4,Technical Elective,MLD,CEP-209
,,,,,,,,,,,,,,,,,,,,,,,,,,,,,,,,,,,,
,,,,,,,,,,,,,,,,,,,,,,,,,,,,,,,,,,,,
,MSc Sem-III (DS),,CT437,Speech Communication,3-0-2-4,Technical Elective,HP,CEP-103,,CT437,Speech Communication,3-0-2-4,Technical Elective,HP,CEP-103,,IT550,Information Retrieval,3-0-2-4,Technical Elective,VF,CEP-203,,CT437,Speech Communication,3-0-2-4,Technical Elective,HP,CEP-103,,IT550,Information Retrieval,3-0-2-4,Technical Elective,VF,CEP-203
,,,,,,,,,,,,,,,,,IT634,Information Systems Security,3-0-2-4,Technical Elective,MLD,CEP-209,,,,,,,,,IT634,Information Systems Security,3-0-2-4,Technical Elective,MLD,CEP-209
,,,,,,,,,,,,,,,,,IT524,Computer Vision,3-0-2-4,Technical Elective,MVJ,CEP-108,,,,,,,,,IT524,Computer Vision,3-0-2-4,Technical Elective,MVJ,CEP-108
,,,,,,,,,,,,,,,,,,,,,,,,,,,,,,,,,,,,
,MSc Sem-I (AA),,MA612,Fundamentals of Analytics / Statistical Methods,3-0-2-4,Core,GP,CEP-109,,MA612,Fundamentals of Analytics / Statistical Methods,3-0-2-4,Core,GP,CEP-109,,MA611,Fundamentals of Python Programming and SQL,3-0-2-4,Core,TBD,CEP-109,,MA612,Fundamentals of Analytics / Statistical Methods,3-0-2-4,Core,GP,CEP-109,,MA611,Fundamentals of Python Programming and SQL,3-0-2-4,Core,TBD,CEP-109
